{"Total Loss": 0.053999707102775574, "Pred Loss": 0.052550747990608215, "Decop Loss": 0.028979137539863586, "_timestamp": 1685083065.0529628, "_runtime": 19967.50003385544, "_step": 831, "Test mse": 0.05649875849485397, "_wandb": {"runtime": 19984}}