{"Total Loss": 0.05296900123357773, "Pred Loss": 0.05170561000704765, "Decop Loss": 0.025267770513892174, "_timestamp": 1685081456.0440066, "_runtime": 18358.491077661514, "_step": 765}