{"Test mse": 0.043718308210372925, "_timestamp": 1685342067.3453825, "_runtime": 310.3481855392456, "_step": 10, "Total Loss": 0.0277058444917202, "Pred Loss": 0.027618393301963806, "Decop Loss": 0.0017489953897893429, "_wandb": {"runtime": 340}}