{"Test mse": 0.043718308210372925, "_timestamp": 1685353833.069134, "_runtime": 236.80255794525146, "_step": 10, "Total Loss": 0.0373130664229393, "Pred Loss": 0.037220750004053116, "Decop Loss": 0.00184628926217556, "_wandb": {"runtime": 256}}