{"Total Loss": 0.02795630320906639, "Pred Loss": 0.02789263240993023, "Decop Loss": 0.0012733578914776444, "_timestamp": 1685237682.9588232, "_runtime": 153283.59622716904, "_step": 6058}