{"Total Loss": 0.02659841999411583, "Pred Loss": 0.026529967784881592, "Decop Loss": 0.0013690015766769648, "_timestamp": 1685149593.6302683, "_runtime": 65194.26767230034, "_step": 2578}