{"Test mse": 0.04535309970378876, "_timestamp": 1685087528.5743139, "_runtime": 3129.2117178440094, "_step": 120}