{"Total Loss": 0.03488042950630188, "Pred Loss": 0.034784846007823944, "Decop Loss": 0.0019117165356874466, "_timestamp": 1685088429.5506666, "_runtime": 4030.18807053566, "_step": 155}