{"Total Loss": 0.02885316126048565, "Pred Loss": 0.028747573494911194, "Decop Loss": 0.002111771609634161, "_timestamp": 1685086785.197903, "_runtime": 2385.8353068828583, "_step": 92}