{"Total Loss": 0.03310278803110123, "Pred Loss": 0.033018194139003754, "Decop Loss": 0.0016918247565627098, "_timestamp": 1685088711.694202, "_runtime": 4312.331605911255, "_step": 167}