{"Total Loss": 0.03452666103839874, "Pred Loss": 0.03439154475927353, "Decop Loss": 0.002702364232391119, "_timestamp": 1685083414.633449, "_runtime": 113.52085018157959, "_step": 1, "_wandb": {"runtime": 113}}