{"Total Loss": 0.041002675890922546, "Pred Loss": 0.04028841108083725, "Decop Loss": 0.014285264536738396, "_timestamp": 1685149603.7558591, "_runtime": 66386.12589621544, "_step": 4281}