{"Total Loss": 0.034622400999069214, "Pred Loss": 0.034148089587688446, "Decop Loss": 0.009486278519034386, "_timestamp": 1685236150.0796056, "_runtime": 152932.44964265823, "_step": 9848}