{"Total Loss": 0.06995899975299835, "Pred Loss": 0.06827037036418915, "Decop Loss": 0.03377240151166916, "_timestamp": 1685087524.2416627, "_runtime": 4306.611699819565, "_step": 271}