{"Total Loss": 0.06616616249084473, "Pred Loss": 0.06468431651592255, "Decop Loss": 0.02963702753186226, "_timestamp": 1685088445.491672, "_runtime": 5227.861709117889, "_step": 331}