{"Total Loss": 0.07387934625148773, "Pred Loss": 0.07202361524105072, "Decop Loss": 0.03711467981338501, "_timestamp": 1685086746.2585943, "_runtime": 3528.6286313533783, "_step": 223}