{"Total Loss": 0.06353163719177246, "Pred Loss": 0.062084876000881195, "Decop Loss": 0.02893517166376114, "_timestamp": 1685088736.064955, "_runtime": 5518.434992074966, "_step": 349}