{"Total Loss": 0.036550864577293396, "Pred Loss": 0.036444682627916336, "Decop Loss": 0.0021236806642264128, "_timestamp": 1685083125.2128527, "_runtime": 104.89886260032654, "_step": 1, "_wandb": {"runtime": 104}}