{"Total Loss": 0.015065042302012444, "Pred Loss": 0.015047512017190456, "Decop Loss": 0.0003505925415083766, "_timestamp": 1685087510.4353485, "_runtime": 36258.134915590286, "_step": 2530}