{"Total Loss": 0.015247407369315624, "Pred Loss": 0.015229525975883007, "Decop Loss": 0.0003576272283680737, "_timestamp": 1685081454.0304286, "_runtime": 30201.72999572754, "_step": 2107}