{"Total Loss": 0.013103189878165722, "Pred Loss": 0.013086438179016113, "Decop Loss": 0.00033504259772598743, "_timestamp": 1685149601.3419006, "_runtime": 98349.04146766663, "_step": 6870}