{"Total Loss": 0.013224432244896889, "Pred Loss": 0.01320243626832962, "Decop Loss": 0.000439915107563138, "_timestamp": 1685054875.7934504, "_runtime": 3623.493017435074, "_step": 245}