{"Total Loss": 0.014491232112050056, "Pred Loss": 0.014473021030426025, "Decop Loss": 0.0003642000665422529, "_timestamp": 1685086784.8718078, "_runtime": 35532.57137489319, "_step": 2478}