{"Total Loss": 0.012809278443455696, "Pred Loss": 0.012789588421583176, "Decop Loss": 0.0003937970323022455, "_timestamp": 1685183855.9149747, "_runtime": 132603.61454176903, "_step": 9268}