{"Total Loss": 0.014118639752268791, "Pred Loss": 0.014098945073783398, "Decop Loss": 0.00039388317964039743, "_timestamp": 1685088741.419541, "_runtime": 37489.119107961655, "_step": 2615}