{"Total Loss": 0.014298178255558014, "Pred Loss": 0.014277806505560875, "Decop Loss": 0.0004074488242622465, "_timestamp": 1685088436.0671847, "_runtime": 37183.766751766205, "_step": 2594}