{"Test mse": 0.0453336276113987, "_timestamp": 1685389661.4630375, "_runtime": 35547.46524953842, "_step": 2368, "Total Loss": 0.04032182693481445, "Pred Loss": 0.04024852067232132, "Decop Loss": 0.0014661678578704596}