{"Test mse": 0.04372335225343704, "_timestamp": 1685342099.8058596, "_runtime": 919.9419455528259, "_step": 10, "Total Loss": 0.027423571795225143, "Pred Loss": 0.02734118513762951, "Decop Loss": 0.0016477340832352638, "_wandb": {"runtime": 946}}