{"Total Loss": 0.025582587346434593, "Pred Loss": 0.025523558259010315, "Decop Loss": 0.0011805726680904627, "_timestamp": 1685235164.145492, "_runtime": 149179.67931818962, "_step": 6037}