{"Total Loss": 0.03293795883655548, "Pred Loss": 0.032852184027433395, "Decop Loss": 0.001715483027510345, "_timestamp": 1685088732.9075556, "_runtime": 2748.4413816928864, "_step": 108}