{"Total Loss": 0.02916818857192993, "Pred Loss": 0.029072178527712822, "Decop Loss": 0.001920212060213089, "_timestamp": 1685087527.2797008, "_runtime": 1542.8135268688202, "_step": 59}