{"Total Loss": 0.029729921370744705, "Pred Loss": 0.02962733805179596, "Decop Loss": 0.0020516158547252417, "_timestamp": 1685086779.9800777, "_runtime": 795.5139038562775, "_step": 29}