{"Total Loss": 0.027450572699308395, "Pred Loss": 0.02737346850335598, "Decop Loss": 0.0015420792624354362, "_timestamp": 1685149602.6328177, "_runtime": 63618.166643857956, "_step": 2574}