{"Total Loss": 0.033142752945423126, "Pred Loss": 0.03305839002132416, "Decop Loss": 0.0016872104024514556, "_timestamp": 1685088434.7124658, "_runtime": 2450.2462918758392, "_step": 95}