{"Total Loss": 0.0269167497754097, "Pred Loss": 0.026829471811652184, "Decop Loss": 0.0017455903580412269, "_timestamp": 1685077851.0704794, "_runtime": 14848.457459449768, "_step": 597, "Test mse": 0.046062201261520386, "_wandb": {"runtime": 14866}}