{"Total Loss": 0.2364414632320404, "Pred Loss": 0.22785744071006775, "Decop Loss": 0.17168009281158447, "_timestamp": 1685341225.9549336, "_runtime": 118.92295169830322, "_step": 1, "_wandb": {"runtime": 135}}