{"Total Loss": 0.020993702113628387, "Pred Loss": 0.020831314846873283, "Decop Loss": 0.0032477877102792263, "_timestamp": 1685088434.170238, "_runtime": 23667.075626134872, "_step": 1293}