{"Total Loss": 0.019969116896390915, "Pred Loss": 0.01984993740916252, "Decop Loss": 0.002383612096309662, "_timestamp": 1685149605.3667066, "_runtime": 84838.27209472656, "_step": 4657}