{"Total Loss": 0.021018562838435173, "Pred Loss": 0.020845428109169006, "Decop Loss": 0.003462705295532942, "_timestamp": 1685081464.7102716, "_runtime": 16697.615659713745, "_step": 913}