{"Total Loss": 0.021747654303908348, "Pred Loss": 0.021591365337371826, "Decop Loss": 0.0031257837545126677, "_timestamp": 1685088735.0017374, "_runtime": 23967.907125473022, "_step": 1309}