{"Total Loss": 0.02026110142469406, "Pred Loss": 0.02009008824825287, "Decop Loss": 0.003420243039727211, "_timestamp": 1685087485.5569627, "_runtime": 22718.462350845337, "_step": 1243}