{"Total Loss": 0.0202732402831316, "Pred Loss": 0.020156528800725937, "Decop Loss": 0.0023342231288552284, "_timestamp": 1685236436.5675037, "_runtime": 171669.47289180756, "_step": 9427}