{"Total Loss": 0.02176511287689209, "Pred Loss": 0.021607335656881332, "Decop Loss": 0.0031556016765534878, "_timestamp": 1685086794.6937635, "_runtime": 22027.599151611328, "_step": 1203}