{"Total Loss": 0.03283016011118889, "Pred Loss": 0.03275560960173607, "Decop Loss": 0.001491010538302362, "_timestamp": 1685389646.6149995, "_runtime": 36785.1865875721, "_step": 2487}