{"Total Loss": 0.014351863414049149, "Pred Loss": 0.01431669294834137, "Decop Loss": 0.000703396915923804, "_timestamp": 1685051213.5373564, "_runtime": 446.8296203613281, "_step": 23, "Test mse": 0.025391120463609695, "_wandb": {"runtime": 459}}