{"Test mse": 0.04665806144475937, "_timestamp": 1685389662.8580174, "_runtime": 35038.8740503788, "_step": 2162, "Total Loss": 0.04103231430053711, "Pred Loss": 0.040582142770290375, "Decop Loss": 0.009003502316772938}