{"Total Loss": 0.014459187164902687, "Pred Loss": 0.01442743744701147, "Decop Loss": 0.0006349882460199296, "_timestamp": 1685062919.8438175, "_runtime": 231.15555047988892, "_step": 7, "_wandb": {"runtime": 244}}