{"Total Loss": 0.03202201426029205, "Pred Loss": 0.03190820291638374, "Decop Loss": 0.0022762734442949295, "_timestamp": 1685084346.7691069, "_runtime": 101.8659439086914, "_step": 1, "_wandb": {"runtime": 102}}