{"Test mse": 0.043718308210372925, "_timestamp": 1685353116.4506907, "_runtime": 255.0221028327942, "_step": 10, "Total Loss": 0.036113183945417404, "Pred Loss": 0.03601596876978874, "Decop Loss": 0.0019442386692389846, "_wandb": {"runtime": 275}}