{"Total Loss": 0.02833234891295433, "Pred Loss": 0.028312653303146362, "Decop Loss": 0.0003939037851523608, "_timestamp": 1685235374.7607284, "_runtime": 152157.1310093403, "_step": 9742}