{"Total Loss": 0.030560076236724854, "Pred Loss": 0.03052648715674877, "Decop Loss": 0.0006717780488543212, "_timestamp": 1685087522.5564597, "_runtime": 4304.926740646362, "_step": 267}