{"Total Loss": 0.030077576637268066, "Pred Loss": 0.030051041394472122, "Decop Loss": 0.0005307351239025593, "_timestamp": 1685149573.212171, "_runtime": 66355.58245205879, "_step": 4243}