{"Total Loss": 0.030624328181147575, "Pred Loss": 0.030590681359171867, "Decop Loss": 0.0006729206070303917, "_timestamp": 1685086792.698906, "_runtime": 3575.069186925888, "_step": 222}