{"Total Loss": 0.03391729295253754, "Pred Loss": 0.033889882266521454, "Decop Loss": 0.0005483133718371391, "_timestamp": 1685088446.8919892, "_runtime": 5229.2622702121735, "_step": 326}