{"Total Loss": 0.0301324762403965, "Pred Loss": 0.030101101845502853, "Decop Loss": 0.0006275158375501633, "_timestamp": 1685088736.8138952, "_runtime": 5519.184176206589, "_step": 344}