{"Total Loss": 0.026664486154913902, "Pred Loss": 0.02657957747578621, "Decop Loss": 0.0016981444787234068, "_timestamp": 1685079722.1771, "_runtime": 16098.41674900055, "_step": 634, "Test mse": 0.04612591117620468, "_wandb": {"runtime": 16116}}