{"Total Loss": 0.16839991509914398, "Pred Loss": 0.1634204089641571, "Decop Loss": 0.09959015250205994, "_timestamp": 1685085885.0867615, "_runtime": 1086.824259519577, "_step": 40, "Test mse": 0.17724496126174927, "_wandb": {"runtime": 1104}}