{"Test mse": 0.04372323676943779, "_timestamp": 1685341687.0189054, "_runtime": 313.2355923652649, "_step": 10, "Total Loss": 0.03363572806119919, "Pred Loss": 0.033563949167728424, "Decop Loss": 0.0014356013853102922, "_wandb": {"runtime": 344}}