{"Total Loss": 0.036297962069511414, "Pred Loss": 0.036229174584150314, "Decop Loss": 0.001375833060592413, "_timestamp": 1685389667.7226577, "_runtime": 36806.29407072067, "_step": 2521}