{"Total Loss": 0.03403320908546448, "Pred Loss": 0.033966243267059326, "Decop Loss": 0.0013392887776717544, "_timestamp": 1685389652.3981555, "_runtime": 36790.96889734268, "_step": 2362}